uid;Shape_Leng;from;to;y_start;x_start;y_end;x_end
1000;337.4305507;'36.3234209627639,59.6316416281683';'36.3216521724814,59.6346797455148';36.32342096;59.63164163;36.32165217;59.63467975
1001;301.5622426;'36.3249420552898,59.6288690169891';'36.3234209627639,59.6316416281683';36.32494206;59.62886902;36.32342096;59.63164163
1002;167.6866062;'36.3501642532974,59.4667366823378';'36.3490026189278,59.4679309201901';36.35016425;59.46673668;36.34900262;59.46793092
1003;116.9749768;'36.3490026189278,59.4679309201901';'36.3482250188312,59.4688102738349';36.34900262;59.46793092;36.34822502;59.46881027
1004;354.4586837;'36.3465712631975,59.4733801671372';'36.3465456987049,59.4773278463741';36.34657126;59.47338017;36.3465457;59.47732785
1005;150.0000124;'36.3465311593928,59.4791214489964';'36.3465175944199,59.4807919954071';36.34653116;59.47912145;36.34651759;59.480792
1006;161.0491591;'36.3465456987049,59.4773278463741';'36.3465311593928,59.4791214489964';36.3465457;59.47732785;36.34653116;59.47912145
1007;218.3992426;'36.3465175944199,59.4807919954071';'36.3465898426498,59.4832208550758';36.34651759;59.480792;36.34658984;59.48322086
1008;273.8427037;'36.3465898426498,59.4832208550758';'36.3465534089171,59.4862704501926';36.34658984;59.48322086;36.34655341;59.48627045
1009;406.3961261;'36.3460916909288,59.4947170972073';'36.3453591038864,59.4991498450269';36.34609169;59.4947171;36.3453591;59.49914985
1010;321.4312263;'36.3464182169363,59.4911609735563';'36.3460916909288,59.4947170972073';36.34641822;59.49116097;36.34609169;59.4947171
1011;150.0177871;'36.3464936397537,59.4894928587819';'36.3464182169363,59.4911609735563';36.34649364;59.48949286;36.34641822;59.49116097
1012;289.4110089;'36.346553408737,59.4862704501869';'36.3464936397537,59.4894928587819';36.34655341;59.48627045;36.34649364;59.48949286
1013;107.4731806;'36.3453591038864,59.4991498450269';'36.3451194609077,59.5003093478643';36.3453591;59.49914985;36.34511946;59.50030935
1014;306.6025403;'36.3451194609077,59.5003093478643';'36.3450476137591,59.5037090730576';36.34511946;59.50030935;36.34504761;59.50370907
1015;389.4992613;'36.3475855272884,59.5629752601668';'36.3485988164332,59.5671038938416';36.34758553;59.56297526;36.34859882;59.56710389
1016;336.6928092;'36.3475537621347,59.5818725127133';'36.3459325905679,59.5850418265081';36.34755376;59.58187251;36.34593259;59.58504183
1017;791.2136088;'36.337534709683,59.6031868735714';'36.3338594808842,59.6107353485729';36.33753471;59.60318687;36.33385948;59.61073535
1018;336.6919175;'36.3390263911634,59.5999222833131';'36.337534709683,59.6031868735714';36.33902639;59.59992228;36.33753471;59.60318687
1019;224.1914218;'36.3400043593559,59.597737886017';'36.3390263911631,59.5999222833243';36.34000436;59.59773789;36.33902639;59.59992228
1020;1137.205998;'36.330213216553,59.6180119989504';'36.3249420551102,59.6288690169608';36.33021322;59.618012;36.32494206;59.62886902
1021;249.9891103;'36.3313914672689,59.6156397758347';'36.330213216553,59.6180119989504';36.33139147;59.61563978;36.33021322;59.618012
1022;296.3225356;'36.3327933874742,59.6128318897709';'36.3313914671789,59.6156397758316';36.33279339;59.61283189;36.33139147;59.61563978
1023;222.3822695;'36.3338594808842,59.6107353485729';'36.3327933873841,59.6128318897679';36.33385948;59.61073535;36.33279339;59.61283189
1024;178.2426609;'36.3407865630737,59.596004364218';'36.3400043593559,59.597737886017';36.34078656;59.59600436;36.34000436;59.59773789
1025;268.479744;'36.3419743733539,59.5933998527604';'36.3407865630737,59.596004364218';36.34197437;59.59339985;36.34078656;59.59600436
1026;409.6584651;'36.3437610325622,59.5894084617954';'36.3419743733539,59.5933998527604';36.3437413;59.58939544;36.34194965;59.59338458
1027;460.2986333;'36.3459325905682,59.585041826497';'36.3437610325622,59.5894084617954';36.34590219;59.5850172;36.34374461;59.58939553
1028;250.105568;'36.264854387525,59.6526384006918';'36.2630088696712,59.6510440470584';36.26485439;59.6526384;36.26300887;59.65104405
1029;732.8844823;'36.2615449397968,59.649164680747';'36.2591950911311,59.6416590420806';36.26154494;59.64916468;36.25919509;59.64165904
1030;751.8922679;'36.2587821518308,59.6348081444757';'36.2582873127533,59.626466332464';36.25878215;59.63480814;36.25828731;59.62646633
1031;617.5593731;'36.2591950911311,59.6416590420806';'36.2587821518308,59.6348081444757';36.25919509;59.64165904;36.25878215;59.63480814
1032;374.9962463;'36.2582873127533,59.626466332464';'36.2572448497069,59.6225449761228';36.25828731;59.62646633;36.25724485;59.62254498
1033;410.79723;'36.2537716961181,59.6160636029942';'36.2514665644507,59.6124891632322';36.2537717;59.6160636;36.25146656;59.61248916
1034;252.737231;'36.2550746195944,59.618368573045';'36.2537716961181,59.6160636029942';36.25507462;59.61836857;36.2537717;59.6160636
1035;250.0001683;'36.2562909276583,59.6207091786965';'36.2550746195944,59.618368573045';36.25629093;59.62070918;36.25507462;59.61836857
1036;232.0974541;'36.3064162016622,59.6618578582183';'36.3051781294674,59.6639397396129';36.3064162;59.66185786;36.30517813;59.66393974
1037;56.12579574;'36.3070393717821,59.6608099190979';'36.3067399884595,59.6613133739628';36.30703937;59.66080992;36.30673999;59.66131337
1038;150.9228765;'36.3078444069059,59.6594561042434';'36.3070393717821,59.6608099190979';36.30784441;59.6594561;36.30703937;59.66080992
1039;643.2963399;'36.3122552243701,59.652037575498';'36.3088240616174,59.6578085635462';36.31225522;59.65203758;36.30882406;59.65780856
1040;273.5950854;'36.313714424459,59.6495830074719';'36.31225522428,59.6520375754949';36.31371442;59.64958301;36.31225522;59.65203758
1041;87.09047435;'36.314181891264,59.648804383594';'36.313714424459,59.6495830074719';36.31418189;59.64880438;36.31371442;59.64958301
1042;250.0097945;'36.3154725732252,59.6465237511249';'36.314181891264,59.648804383594';36.31547257;59.64652375;36.31418189;59.64880438
1043;79.5226448;'36.3158673801495,59.6457850428741';'36.3154725732252,59.6465237511249';36.31586738;59.64578504;36.31547257;59.64652375
1044;759.0107446;'36.3196102603547,59.6387134990978';'36.3158673801495,59.6457850428741';36.31961026;59.6387135;36.31586738;59.64578504
1045;227.4777291;'36.3207060096692,59.6365736418706';'36.3196102603547,59.6387134990978';36.32070601;59.63657364;36.31961026;59.6387135
1046;199.9213769;'36.3216521724814,59.6346797455148';'36.3207060096692,59.6365736418706';36.32165217;59.63467975;36.32070601;59.63657364
1047;165.4964371;'36.299621167854,59.6635679619296';'36.2984001829838,59.6625108472823';36.29962117;59.66356796;36.29840018;59.66251085
1048;360.5048314;'36.2963924116724,59.6613941825344';'36.2932336671507,59.6604608617956';36.29639744;59.661373;36.29323904;59.66044454
1049;619.2518735;'36.2859056781033,59.658074055967';'36.2806442961216,59.6557823481724';36.28590568;59.65807406;36.2806443;59.65578235
1050;273.7580654;'36.2882610594614,59.6589757751839';'36.2859056781031,59.6580740559781';36.28826106;59.65897578;36.28590568;59.65807406
1051;300.4282571;'36.290883557988,59.6598012362431';'36.2882610594614,59.6589757751839';36.29088356;59.65980124;36.28826106;59.65897578
1052;267.506754;'36.2932336671507,59.6604608617956';'36.2908835579878,59.6598012362542';36.29323367;59.66046086;36.29088356;59.65980124
1053;294.4201011;'36.2806442961216,59.6557823481724';'36.2780293391958,59.6555521336459';36.2806443;59.65578235;36.27802934;59.65555213
1054;115.1378954;'36.2780293391958,59.6555521336459';'36.2770212610721,59.6558500631815';36.27802934;59.65555213;36.27702126;59.65585006
1055;307.3627926;'36.2770212611622,59.6558500631845';'36.2744309116616,59.6570451331591';36.27702126;59.65585006;36.27443091;59.65704513
1056;584.5647841;'36.274430904481,59.6570451358874';'36.2693915553547,59.6563900206939';36.2744309;59.65704514;36.26939156;59.65639002
1057;606.0872126;'36.2693915553547,59.6563900206939';'36.264854387525,59.6526384006918';36.26939156;59.65639002;36.26485439;59.6526384
1058;51.4192668;'36.3051781294674,59.6639397396129';'36.3048834251873,59.6643805185539';36.30517813;59.66393974;36.30488343;59.66438052
1059;304.944826;'36.3019467342865,59.6653455609863';'36.299621167854,59.6635679619296';36.30194673;59.66534556;36.29962117;59.66356796
1060;354.4994979;'36.3048834251873,59.6643805185539';'36.3019467341965,59.6653455609833';36.30488343;59.66438052;36.30194673;59.66534556
1061;245.8424287;'36.2984001829838,59.6625108472823';'36.2963924116724,59.6613941825344';36.29840018;59.66251085;36.29639241;59.66139418
1062;382.2506419;'36.3467597078839,59.4631445370823';'36.3498430960097,59.4650359046858';36.34675971;59.46314454;36.3498431;59.4650359
1063;249.6517383;'36.3446643190141,59.4621334978856';'36.346759707974,59.4631445370851';36.34466432;59.4621335;36.34675971;59.46314454
1064;173.4418583;'36.3432085715494,59.4614311277841';'36.3446643190141,59.4621334978856';36.3432295;59.4613868;36.34468708;59.4620826
1065;139.0641452;'36.3502197330737,59.4653580454611';'36.3501642532974,59.4667366823378';36.35021973;59.46535805;36.35016425;59.46673668
1066;50.94596856;'36.3498430960097,59.4650359046858';'36.3502197330737,59.4653580454611';36.3498431;59.4650359;36.35021973;59.46535805
1067;175.2797845;'36.3493491709376,59.5697991274891';'36.3496781739841,59.5717067738589';36.34934917;59.56979913;36.34967817;59.57170677
1068;250.4431168;'36.3496781740737,59.5717067738841';'36.3497614228224,59.5744893822512';36.34967817;59.57170677;36.34976142;59.57448938
1069;716.7684937;'36.3497614228224,59.5744893822512';'36.3475537621347,59.5818725127133';36.34976142;59.57448938;36.34755376;59.58187251
1070;255.9656408;'36.3485988164332,59.5671038938416';'36.3493491652263,59.5697991039044';36.34859882;59.56710389;36.34934917;59.5697991
1071;399.9877677;'36.3450476137591,59.5037090730576';'36.345142334804,59.5081614394299';36.34504761;59.50370907;36.34514233;59.50816144
1072;337.5221354;'36.3451423347141,59.5081614394159';'36.3451198396546,59.5119203695752';36.34514233;59.50816144;36.34511984;59.51192037
1073;1315.122155;'36.3451026099873,59.5151426690669';'36.3450651051629,59.5297891777255';36.34510261;59.51514267;36.34506511;59.52978918
1074;289.3352483;'36.3451198396546,59.5119203695752';'36.3451026099873,59.5151426690669';36.34511984;59.51192037;36.34510261;59.51514267
1075;593.5511098;'36.3450624526276,59.5331622504597';'36.3450569780333,59.5397726339801';36.34506245;59.53316225;36.34505698;59.53977263
1076;302.8698434;'36.3450651051629,59.5297891777255';'36.3450624526276,59.5331622504597';36.34506511;59.52978918;36.34506245;59.53316225
1077;630.2460651;'36.3450528923963,59.5444402596517';'36.345662775472,59.5514048194703';36.34505289;59.54444026;36.34566278;59.55140482
1078;169.1107956;'36.3450545628503,59.5425568783276';'36.3450528923963,59.5444402596517';36.34505456;59.54255688;36.34505289;59.54444026
1079;249.9999263;'36.3450569780333,59.5397726339801';'36.3450545628503,59.5425568783276';36.34505698;59.53977263;36.34505456;59.54255688
1080;291.8923569;'36.34709524923,59.559781563579';'36.3475855272884,59.5629752601668';36.34709525;59.55978156;36.34758553;59.56297526
1081;148.6433811;'36.3468139843314,59.5581630263153';'36.34709524923,59.559781563579';36.34681398;59.55816303;36.34709525;59.55978156
1082;347.2096637;'36.3461498607202,59.554384264869';'36.3468139844215,59.5581630263182';36.34614986;59.55438426;36.34681398;59.55816303
1083;272.9337236;'36.345662775472,59.5514048194703';'36.3461498605403,59.554384264852';36.34566278;59.55140482;36.34614986;59.55438426
1084;462.1266332;'36.3482250188312,59.4688102738349';'36.3465712631975,59.4733801671372';36.34822502;59.46881027;36.34657126;59.47338017
1085;183.6630811;'36.3088240616174,59.6578085635462';'36.3078444069059,59.6594561042434';36.30882406;59.65780856;36.30784441;59.6594561
1086;60.70031901;'36.3067399884595,59.6613133739628';'36.3064162016622,59.6618578582183';36.30673999;59.66131337;36.3064162;59.66185786
1087;235.056658;'36.2630088696712,59.6510440470584';'36.2615449398866,59.6491646807611';36.26300887;59.65104405;36.26154494;59.64916468
1088;196.0762912;'36.2572448497069,59.6225449761228';'36.2562909276583,59.6207091786965';36.25724485;59.62254498;36.25629093;59.62070918
2000;128.5774111;'36.3244302967377,59.6304232210471';'36.3250298464844,59.6291985020756';36.3244303;59.63042322;36.32502985;59.6291985
2001;188.1914037;'36.3453731847496,59.5052713289654';'36.3456876744843,59.5032223889829';36.34537318;59.50527133;36.34568767;59.50322239
2002;140.2380601;'36.3460677740225,59.5013003715224';'36.3460435037039,59.4997420757159';36.34606777;59.50130037;36.3460435;59.49974208
2003;178.2624286;'36.3456876744843,59.5032223889829';'36.3460677740225,59.5013003715224';36.34571452;59.50324349;36.34610616;59.5013016
2004;234.8591576;'36.3608681829552,59.4824342637562';'36.3617749398645,59.4847907927012';36.36086818;59.48243426;36.36177494;59.48479079
2005;225.0832581;'36.3621456472689,59.4859570982076';'36.3631745446359,59.4881124582408';36.36214565;59.4859571;36.36317454;59.48811246
2006;410.5011127;'36.3467422738323,59.4882426625154';'36.3468044127917,59.4836717242711';36.34674227;59.48824266;36.34680441;59.48367172
2007;500.0120436;'36.3464236474056,59.4937951393962';'36.3467422738323,59.4882426625154';36.34642365;59.49379514;36.34674227;59.48824266
2008;51.83879593;'36.3463638052197,59.4943677298551';'36.3464236473157,59.4937951393822';36.34637458;59.49437482;36.34644522;59.49380202
2009;251.1707532;'36.3460695140482,59.4971413654815';'36.3463638052197,59.4943677298551';36.34606951;59.49714137;36.34636381;59.49436773
2010;286.070575;'36.3468044127917,59.4836717242711';'36.3469312740066,59.4804898251165';36.34680441;59.48367172;36.34693127;59.48048983
2011;396.0348893;'36.3469612394309,59.4769034665102';'36.3469979434867,59.4724928098666';36.34696124;59.47690347;36.34699794;59.47249281
2012;176.5280214;'36.3469448261778,59.4788694618256';'36.3469612394309,59.4769034665102';36.34694483;59.47886946;36.34696124;59.47690347
2013;145.4936785;'36.3469312740064,59.4804898251276';'36.3469448261778,59.4788694618256';36.34693127;59.48048983;36.34694483;59.47886946
2014;293.856246;'36.3469979434867,59.4724928098666';'36.3479609227551,59.469519834203';36.34699794;59.47249281;36.34796092;59.46951983
2015;173.7187355;'36.34915017782,59.4681654415334';'36.3503483246327,59.4669204424931';36.34915018;59.46816544;36.35034832;59.46692044
2016;179.5086208;'36.3479609227553,59.4695198341919';'36.34915017782,59.4681654415334';36.34796092;59.46951983;36.34915018;59.46816544
2017;118.4592819;'36.3517287032603,59.4669651492144';'36.352508634811,59.4678658746525';36.35165094;59.46703018;36.35246263;59.46790985
2018;104.062668;'36.3582192932172,59.4774745368291';'36.3587437605138,59.47843537401';36.35813709;59.47754807;36.35867959;59.47851525
2019;1074.796089;'36.352508634811,59.4678658746525';'36.3582192932172,59.4774745368291';36.35250863;59.46786587;36.35821929;59.47747454
2020;56.85423799;'36.3587437605138,59.47843537401';'36.3590107653317,59.47897550813';36.35874376;59.47843537;36.35901077;59.47897551
2021;100.9793174;'36.3590107653317,59.47897550813';'36.3593585607867,59.480012976721';36.35901077;59.47897551;36.35935856;59.48001298
2022;85.64826912;'36.3741770578652,59.5044315424035';'36.3747900475676,59.5050109485081';36.37417706;59.50443154;36.37479005;59.50501095
2023;123.8190558;'36.3733467146295,59.5035109855405';'36.3741770578652,59.5044315424035';36.37334671;59.50351099;36.37417706;59.50443154
2024;308.9192665;'36.3763530854273,59.5067301036622';'36.3780123317027,59.5094716326748';36.37635309;59.5067301;36.37801233;59.50947163
2025;186.986804;'36.3780123317027,59.5094716326748';'36.3786295383471,59.5114100033396';36.37801233;59.50947163;36.37862954;59.51141
2026;366.0115174;'36.3786295383471,59.5114100033396';'36.3802147832243,59.5149706433989';36.37862954;59.51141;36.38021478;59.51497064
2027;323.1098781;'36.3802147832243,59.5149706433989';'36.3818475042842,59.5179493052495';36.38021478;59.51497064;36.3818475;59.51794931
2028;102.2287073;'36.3818475042842,59.5179493052495';'36.3823179649053,59.5189285744976';36.3818475;59.51794931;36.38231796;59.51892857
2029;293.9054263;'36.3823179803689,59.5189286062172';'36.3819475710547,59.5219165102591';36.38231798;59.51892861;36.38194757;59.52191651
2030;340.0022501;'36.3498926419452,59.5715009845781';'36.3490786003285,59.5678559950091';36.34989264;59.57150098;36.3490786;59.567856
2031;209.7290026;'36.3500164810792,59.573828892053';'36.3498926419452,59.5715009845781';36.35001648;59.57382889;36.34989264;59.57150098
2032;515.3600062;'36.3490273783303,59.579393416488';'36.3500164810794,59.5738288920418';36.34902738;59.57939342;36.35001648;59.57382889
2033;131.0742866;'36.3490786003285,59.5678559950091';'36.3486484004275,59.5664964831718';36.3490786;59.567856;36.3486484;59.56649648
2034;247.1084508;'36.3486484004272,59.5664964831829';'36.3479371607695,59.5638959647048';36.3486484;59.56649648;36.34793716;59.56389596
2035;129.4677165;'36.2540055438718,59.6169138865201';'36.2546731082815,59.618094665866';36.25400554;59.61691389;36.25467311;59.61809467
2036;515.5411429;'36.2546731082815,59.618094665866';'36.2571683158433,59.622931623743';36.25467311;59.61809467;36.25716832;59.62293162
2037;65.85244984;'36.2571683158433,59.622931623743';'36.2574596345479,59.6235694323193';36.25716832;59.62293162;36.25745963;59.62356943
2038;277.8584414;'36.2574596345479,59.6235694323193';'36.2580557743994,59.62654766208';36.25745963;59.62356943;36.25805577;59.62654766
2039;255.3579875;'36.2582231978947,59.6293194966433';'36.2583942348087,59.6321522716857';36.2582232;59.6293195;36.25839423;59.63215227
2040;585.009198;'36.2585616171465,59.6349256212895';'36.2589679561888,59.6414139322';36.25856162;59.63492562;36.25896796;59.64141393
2041;250.0004165;'36.2583942348087,59.6321522716857';'36.2585616170564,59.6349256212865';36.25839423;59.63215227;36.25856162;59.63492562
2042;115.8279901;'36.2589679561888,59.6414139322';'36.2590702803653,59.6426958105978';36.25896796;59.64141393;36.25907028;59.64269581
2043;606.8169967;'36.2647075664385,59.6528893621987';'36.2692612175003,59.6566250879399';36.26470757;59.65288936;36.26926122;59.65662509
2044;241.4371115;'36.2629511515368,59.6513075861762';'36.2647075664385,59.6528893621987';36.26295115;59.65130759;36.26470757;59.65288936
2045;612.5022179;'36.2692612175003,59.6566250879399';'36.2745411021215,59.6573385436827';36.26926122;59.65662509;36.2745411;59.65733854
2046;408.0362628;'36.2769629310806,59.6561584022289';'36.2805608418194,59.6560636330422';36.27696293;59.6561584;36.28056084;59.65606363
2047;287.9502258;'36.2934770715492,59.6608333302921';'36.296001696219,59.6615704784487';36.29347707;59.66083333;36.2960017;59.66157048
2048;433.5638166;'36.2857590782792,59.6582899712084';'36.2895006337929,59.6596693415422';36.28575908;59.65828997;36.28950063;59.65966934
2049;202.2672971;'36.2840369433145,59.6575541503077';'36.2857590782792,59.6582899712084';36.28403694;59.65755415;36.28575908;59.65828997
2050;408.4296808;'36.2805608418194,59.6560636330422';'36.2840369433145,59.6575541503077';36.28056084;59.65606363;36.28403694;59.65755415
2051;346.7658777;'36.296001696219,59.6615704784487';'36.2988119806172,59.6631936345634';36.2960017;59.66157048;36.29881198;59.66319363
2052;225.6013202;'36.2995411677019,59.663867961748';'36.3012343739094,59.6652566137756';36.29954117;59.66386796;36.30123437;59.66525661
2053;455.3967565;'36.3012343739094,59.6652566137756';'36.3050019386234,59.6646074158599';36.30122872;59.66526541;36.30502294;59.66461894
2054;160.4265871;'36.321941108805,59.6347090914177';'36.3226828016459,59.6331761900703';36.32194111;59.63470909;36.3226828;59.63317619
2055;541.0534031;'36.3050019386234,59.6646074158599';'36.3079272107653,59.6597907779266';36.30500194;59.66460742;36.30792721;59.65979078
2056;375.9396637;'36.3163442818004,59.6454810794836';'36.3181628149555,59.6419507343301';36.31634428;59.64548108;36.31816281;59.64195073
2057;118.0179254;'36.3138911000934,59.6498007867037';'36.3145178113903,59.6487395117919';36.3138911;59.64980079;36.31451781;59.64873951
2058;341.0904255;'36.3120670720638,59.6528564827276';'36.3138911000034,59.6498007867006';36.31206707;59.65285648;36.3138911;59.64980079
2059;274.3465504;'36.3093653029128,59.6573821205667';'36.3108325015219,59.6549245410192';36.3093653;59.65738212;36.3108325;59.65492454
2060;194.7721944;'36.3079272107656,59.6597907779155';'36.3089688856209,59.6580460957159';36.30792721;59.65979078;36.30896889;59.6580461
2061;248.0142999;'36.3207929985613,59.6370777921415';'36.321941108805,59.6347090914177';36.320793;59.63707779;36.32194111;59.63470909
2062;368.8071272;'36.3189570797328,59.6404995797718';'36.3207929985613,59.6370777921415';36.31895708;59.64049958;36.320793;59.63707779
2063;157.3655004;'36.3181628149555,59.6419507343301';'36.3189570797328,59.6404995797718';36.31816281;59.64195073;36.31895708;59.64049958
2064;251.565868;'36.3322450634626,59.6145339278573';'36.3334393075662,59.6121532023818';36.33224506;59.61453393;36.33343931;59.6121532
2065;251.5655368;'36.3310507756809,59.6169145752331';'36.3322450635527,59.6145339278603';36.33105078;59.61691458;36.33224506;59.61453393
2066;133.9597783;'36.3304147940296,59.6181822503442';'36.3310507756809,59.6169145752331';36.33041479;59.61818225;36.33105078;59.61691458
2067;1039.864566;'36.3250298464844,59.6291985020756';'36.3298633936752,59.6192812944767';36.32502985;59.6291985;36.32986339;59.61928129
2068;119.8858154;'36.346999750316,59.5836141037192';'36.3475728168684,59.5824823493721';36.34699975;59.5836141;36.34757282;59.58248235
2069;132.8499847;'36.346364701663,59.5848682232201';'36.346999750316,59.5836141037192';36.3463647;59.58486822;36.34699975;59.5836141
2070;1175.170372;'36.3410064600397,59.596149899204';'36.346364701663,59.5848682232201';36.34100646;59.5961499;36.3463647;59.58486822
2071;401.9157396;'36.3392610840604,59.6000713633931';'36.3410064600399,59.5961498991929';36.33926108;59.60007136;36.34100646;59.5961499
2072;289.0030128;'36.2745411021215,59.6573385436827';'36.2769629310806,59.6561584022289';36.2745411;59.65733854;36.27696293;59.6561584
2073;232.3768414;'36.3747900475676,59.5050109485081';'36.3763530854273,59.5067301036622';36.37479005;59.50501095;36.37635309;59.5067301
2074;234.3302441;'36.3460435037039,59.4997420757159';'36.3460695140482,59.4971413654815';36.3460435;59.49974208;36.34606951;59.49714137
2075;255.4907194;'36.3453611542774,59.5081167474038';'36.3453731847496,59.5052713289654';36.34536115;59.50811675;36.34537318;59.50527133
2076;385.046461;'36.3453429301017,59.5124050283819';'36.3453611542774,59.5081167474038';36.34534293;59.51240503;36.34536115;59.50811675
2077;1399.714534;'36.345288805058,59.5279936707805';'36.3453429301017,59.5124050283819';36.34528881;59.52799367;36.34534293;59.51240503
2078;160.8382674;'36.345288144231,59.529784940693';'36.345288805058,59.5279936707805';36.34528814;59.52978494;36.34528881;59.52799367
2079;137.1707927;'36.345287560017,59.5313126225617';'36.345288144231,59.529784940693';36.34528756;59.53131262;36.34528814;59.52978494
2080;288.8115236;'36.3452862648328,59.534529135221';'36.345287560017,59.5313126225617';36.34528626;59.53452914;36.34528756;59.53131262
2081;92.06973651;'36.3452858342322,59.5355545207303';'36.3452862648328,59.534529135221';36.34528583;59.53555452;36.34528626;59.53452914
2082;376.3206263;'36.3452837792274,59.5397456175909';'36.3452858342322,59.5355545207303';36.34528378;59.53974562;36.34528583;59.53555452
2084;424.7063906;'36.3452879599575,59.5444755649942';'36.3452837792274,59.5397456175909';36.34530691;59.54448293;36.34528594;59.5396437
2085;447.3959575;'36.3455796730324,59.5494380691931';'36.3452879599575,59.5444755649942';36.34557967;59.54943807;36.34528796;59.54447556
2086;174.9328366;'36.3458889129577,59.5513483244796';'36.3455796730324,59.5494380691931';36.34588891;59.55134832;36.34557967;59.54943807
2087;256.2818554;'36.3463594921321,59.5541426499911';'36.3458889129577,59.5513483244796';36.34635949;59.55414265;36.34588891;59.55134832
2088;473.3581973;'36.3472718683261,59.5592923613772';'36.3463594921321,59.5541426499911';36.34727187;59.55929236;36.34635949;59.55414265
2089;208.7310809;'36.3476388154092,59.5615723613061';'36.3472718683261,59.5592923613772';36.34763882;59.56157236;36.34727187;59.55929236
2090;211.2450189;'36.3479371607695,59.5638959647048';'36.3476388154092,59.5615723613061';36.34793716;59.56389596;36.34763882;59.56157236
2091;689.0789086;'36.363174544726,59.4881124582437';'36.3668772309697,59.4942742767427';36.36317454;59.48811246;36.36687723;59.49427428
2092;263.3273899;'36.3698304797308,59.4985918635008';'36.3713841904034,59.5008089287407';36.36983048;59.49859186;36.37138419;59.50080893
2093;507.7317174;'36.3668772309697,59.4942742767427';'36.3698304797306,59.4985918635119';36.36687723;59.49427428;36.36983048;59.49859186
2094;326.0554941;'36.3713841904934,59.5008089287436';'36.3733467147193,59.5035109855545';36.37138419;59.50080893;36.37334671;59.50351099
2095;50.48380667;'36.3597542393766,59.4804762784215';'36.3601000367871,59.4808238904912';36.35971612;59.48055943;36.36002457;59.48096678
2096;62.31095704;'36.3593585607867,59.480012976721';'36.3597542393766,59.4804762784215';36.35935856;59.48001298;36.35975424;59.48047628
2097;193.1596441;'36.3226828016459,59.6331761900703';'36.3237756790535,59.631506354084';36.3226828;59.63317619;36.32377568;59.63150635
2098;112.5417047;'36.3617749398645,59.4847907927012';'36.3621456472689,59.4859570982076';36.36177494;59.48479079;36.36214565;59.4859571
2099;167.8319683;'36.3601000367871,59.4808238904912';'36.3608681828651,59.4824342637533';36.36002526;59.48096607;36.36080969;59.48248186
2100;321.2062703;'36.3475728169582,59.5824823493862';'36.3490273784204,59.579393416491';36.34757282;59.58248235;36.34902738;59.57939342
2101;351.4476545;'36.2513038138372,59.6126505253641';'36.2532586016188,59.6157258711081';36.25130381;59.61265053;36.2532586;59.61572587
2102;150.0807457;'36.2590702804551,59.642695810612';'36.2593507107142,59.6443280596363';36.25907028;59.64269581;36.25935071;59.64432806
2103;542.8240408;'36.2593507107142,59.6443280596363';'36.2616059208286,59.649633994322';36.25935071;59.64432806;36.26160592;59.64963399
2104;148.284802;'36.2616059208286,59.649633994322';'36.2625222954629,59.6508329645445';36.26160592;59.64963399;36.2625223;59.65083296
2105;135.2149832;'36.2532586016188,59.6157258711081';'36.2540055438718,59.6169138865201';36.2532586;59.61572587;36.25400554;59.61691389
2106;249.8652782;'36.2580557743994,59.62654766208';'36.2582231978947,59.6293194966433';36.25805577;59.62654766;36.2582232;59.6293195
2107;63.93123678;'36.2625222954629,59.6508329645445';'36.2629511515368,59.6513075861762';36.2625223;59.65083296;36.26295115;59.65130759
2108;453.6026982;'36.2895006337929,59.6596693415422';'36.2934770715492,59.6608333302921';36.28950063;59.65966934;36.29347707;59.66083333
2109;101.1036011;'36.2988119806172,59.6631936345634';'36.2995411677019,59.663867961748';36.29881198;59.66319363;36.29954117;59.66386796
2110;74.12321688;'36.3089688856207,59.658046095727';'36.3093653029128,59.6573821205667';36.30896889;59.6580461;36.3093653;59.65738212
2111;230.8550659;'36.3108325015221,59.6549245410081';'36.3120670720638,59.6528564827276';36.3108325;59.65492454;36.31206707;59.65285648
2112;356.0812901;'36.3145178113903,59.6487395117919';'36.3163442818004,59.6454810794836';36.31451781;59.64873951;36.31634428;59.64548108
2113;121.5278325;'36.3237756790535,59.631506354084';'36.3244302967377,59.6304232210471';36.32377568;59.63150635;36.3244303;59.63042322
2114;116.1417757;'36.3298633936752,59.6192812944767';'36.3304147940296,59.6181822503442';36.32986339;59.61928129;36.33041479;59.61818225
2115;1263.166634;'36.3334393076563,59.6121532023848';'36.3392610840604,59.6000713633931';36.33343931;59.6121532;36.33926108;59.60007136
2117;167.5187579;'36.3503483246327,59.4669204424931';'36.3517287051288,59.4669651503876';36.35034832;59.46692044;36.35172871;59.46696515
3000;277.456928;'36.3847573104171,59.5190986210068';'36.3825008722751,59.5182929192714';36.38475731;59.51909862;36.38250087;59.51829292
3001;252.4477069;'36.3795804362925,59.5131253447373';'36.378618039053,59.510578768413';36.37958044;59.51312534;36.37861804;59.51057877
3002;377.6780632;'36.3814350453315,59.5166486789088';'36.3795804362925,59.5131253447373';36.38143505;59.51664868;36.37952853;59.51315614
3003;189.1357973;'36.3825008722751,59.5182929192714';'36.3814350453315,59.5166486789088';36.38250087;59.51829292;36.38143505;59.51664868
3004;305.2749409;'36.378618039143,59.5105787684159';'36.3773239576703,59.5076143146807';36.37861804;59.51057877;36.37732396;59.50761431
3005;339.6682083;'36.3773239576703,59.5076143146807';'36.3751100108671,59.5050059745645';36.37732396;59.50761431;36.37511001;59.50500597
3006;294.2818999;'36.3751100108671,59.5050059745645';'36.3731162576769,59.5028525197143';36.37511001;59.50500597;36.37311626;59.50285252
3007;82.91653256;'36.3602022237347,59.4801229137576';'36.3599000540301,59.479359818484';36.3602458;59.48011604;36.35990005;59.47935982
3008;645.055821;'36.35698467235,59.4744275082425';'36.3535173360334,59.4686825674279';36.35698467;59.47442751;36.35351734;59.46868257
3009;265.6551161;'36.3590343140769,59.4784781869264';'36.3577649157032,59.4759694339241';36.35909895;59.47842242;36.35776491;59.47596943
3010;72.99908871;'36.352021877986,59.4665252676004';'36.3518799535099,59.4657371751035';36.35202188;59.46652527;36.35187995;59.46573718
3011;54.41173928;'36.3522852573825,59.4670336546303';'36.352021877986,59.4665252676004';36.35228526;59.46703365;36.35202188;59.46652527
3012;455.8207158;'36.3501360555535,59.4649199668209';'36.3464556520576,59.4626719806374';36.35013606;59.46491997;36.34645565;59.46267198
3013;123.1681813;'36.3443606755458,59.4616437831851';'36.3433277556406,59.4611422666919';36.34437831;59.46159892;36.34332776;59.46114227
3014;250.1786982;'36.3464556521477,59.4626719806402';'36.3443606755458,59.4616437831851';36.34645565;59.46267198;36.34436068;59.46164378
3015;104.3658093;'36.3605352507952,59.4812021246734';'36.3602022237345,59.4801229137688';36.36060339;59.48113821;36.3602422;59.48012418
3016;126.2449896;'36.3599000540303,59.4793598184729';'36.3590343139871,59.4784781869124';36.35990005;59.47935982;36.35911485;59.47845292
3017;271.8224613;'36.3643709642308,59.4894522574966';'36.3629142319531,59.4870180768529';36.36437096;59.48945226;36.36291423;59.48701808
3018;199.6489402;'36.3654408745131,59.4912401790021';'36.3643709642308,59.4894522574966';36.36544087;59.49124018;36.36437096;59.48945226
3019;331.9881275;'36.3672199217107,59.4942133475034';'36.3654408745131,59.4912401790021';36.36721992;59.49421335;36.36544087;59.49124018
3020;364.1489639;'36.3710208879704,59.4998660774277';'36.3688770114507,59.4967950874232';36.37102089;59.49986608;36.36887701;59.49679509
3021;354.8936794;'36.3731162576769,59.5028525197143';'36.3710208879704,59.4998660774277';36.37311626;59.50285252;36.37102089;59.49986608
3022;230.7981084;'36.3629142319531,59.4870180768529';'36.3619788674281,59.4847365704292';36.36291423;59.48701808;36.36197887;59.48473657
3023;177.0226299;'36.3619788674281,59.4847365704292';'36.3613573437188,59.4829242322401';36.36197887;59.48473657;36.36135734;59.48292423
3024;244.7098946;'36.3518799535099,59.4657371751035';'36.3501360555535,59.4649199668209';36.35187995;59.46573718;36.35013606;59.46491997
3025;179.5152511;'36.3613573437188,59.4829242322401';'36.3605352507952,59.4812021246734';36.36141188;59.48287227;36.36060675;59.48113021
3026;296.0646464;'36.3688770114507,59.4967950874232';'36.3672199217107,59.4942133475034';36.36887701;59.49679509;36.36721992;59.49421335
3027;163.2807032;'36.3577649157032,59.4759694339241';'36.35698467235,59.4744275082425';36.35776492;59.47596943;36.35698467;59.47442751
3028;201.5304034;'36.3535173360334,59.4686825674279';'36.3522852574729,59.4670336546221';36.35351734;59.46868257;36.35228526;59.46703365
4000;743.6333016;'36.2507403546091,59.6070963404385';'36.2475521704782,59.6138701316455';36.25074035;59.60709634;36.24755217;59.61387013
4001;283.6281153;'36.2475521704782,59.6138701316455';'36.246512279435,59.6167166655898';36.24755217;59.61387013;36.24651228;59.61671667
4002;307.1476334;'36.4662396521246,59.4066639680081';'36.464635085622,59.4094554895142';36.46623965;59.40666397;36.46463509;59.40945549
4003;355.4929039;'36.4411449690087,59.4393785169647';'36.4388417170452,59.4421332311261';36.44114497;59.43937852;36.43884172;59.44213323
4004;375.7028814;'36.4388417170452,59.4421332311261';'36.4364049261053,59.4450411313184';36.43884172;59.44213323;36.43640493;59.44504113
4005;734.7763794;'36.4526571729987,59.4255674194556';'36.4479023203287,59.4312694330231';36.45265717;59.42556742;36.44790232;59.43126943
4006;794.6209238;'36.4462848892243,59.4332098556117';'36.4411449689186,59.4393785169619';36.44628489;59.43320986;36.44114497;59.43937852
4007;250.0000446;'36.4479023203287,59.4312694330231';'36.4462848892243,59.4332098556117';36.44790232;59.43126943;36.44628489;59.43320986
4008;420.6858234;'36.4624293487036,59.4132790323369';'36.4598742777658,59.4167349883476';36.46242935;59.41327903;36.45987428;59.41673499
4009;250.0000191;'36.4542611027629,59.4236101100522';'36.4526571729985,59.4255674194668';36.4542611;59.42361011;36.45265717;59.42556742
4010;168.0044202;'36.4553168028259,59.4222672211783';'36.4542611027631,59.423610110041';36.4553168;59.42226722;36.4542611;59.42361011
4011;454.0556134;'36.4582047684588,59.418680629646';'36.4553168028259,59.4222672211783';36.45820477;59.41868063;36.4553168;59.42226722
4012;254.4884476;'36.4598742777658,59.4167349883476';'36.4582047683687,59.4186806296431';36.45987428;59.41673499;36.45820477;59.41868063
4013;421.2260397;'36.464635085622,59.4094554895142';'36.4624293487036,59.4132790323369';36.46463509;59.40945549;36.46242935;59.41327903
4014;222.0492692;'36.4364049261053,59.4450411313184';'36.4348906679498,59.4466586011284';36.43640493;59.44504113;36.43489067;59.4466586
4015;409.4908727;'36.4311765791641,59.4513032017857';'36.4283823502578,59.4542823650067';36.43117658;59.4513032;36.42838235;59.45428237
4016;694.0048123;'36.4247389213907,59.4580686479026';'36.4198871968607,59.4629467813833';36.42473892;59.45806865;36.4198872;59.46294678
4017;133.929842;'36.4256629890567,59.4571083923576';'36.4247389213909,59.4580686478915';36.42566299;59.45710839;36.42473892;59.45806865
4018;394.1366679;'36.4283823501678,59.4542823650038';'36.4256629890567,59.4571083923576';36.42838235;59.45428237;36.42566299;59.45710839
4019;259.065419;'36.4189885254193,59.4637946646031';'36.4172881104833,59.4657706631678';36.41898853;59.46379466;36.41728811;59.46577066
4020;249.9998635;'36.4172881104833,59.4657706631678';'36.415558385013,59.4675557845085';36.41726868;59.46574112;36.41555839;59.46755578
4021;499.7684411;'36.4100620913284,59.4732274150655';'36.4066040152078,59.4767952721662';36.41006209;59.47322742;36.40660402;59.47679527
4022;794.3645876;'36.415558385013,59.4675557845085';'36.4100620913287,59.4732274150544';36.41555839;59.46755578;36.41006209;59.47322742
4023;504.6123569;'36.4026657725821,59.4808580351833';'36.3999305846142,59.4852777955761';36.40266577;59.48085804;36.39993058;59.4852778
4024;435.5001058;'36.388306865572,59.5141035758221';'36.3859056463379,59.5178995383213';36.38830687;59.51410358;36.38590565;59.51789954
4025;370.6003873;'36.3859056463379,59.5178995383213';'36.3833446984997,59.5205491934202';36.38590565;59.51789954;36.3833447;59.52054919
4026;730.1103618;'36.3802242058632,59.5237355535026';'36.3751493583951,59.5289112627034';36.38022421;59.52373555;36.37514936;59.52891126
4027;449.1499617;'36.3833446984997,59.5205491934202';'36.3802242058632,59.5237355535026';36.3833447;59.52054919;36.38022421;59.52373555
4028;333.3814523;'36.3744803687793,59.5295934829867';'36.3721630233316,59.531956542382';36.37448037;59.52959348;36.37216302;59.53195654
4029;96.24429789;'36.3751493583053,59.5289112626893';'36.3744803687793,59.5295934829867';36.37514936;59.52891126;36.37448037;59.52959348
4030;79.03146165;'36.3721630233316,59.531956542382';'36.3716015685847,59.5324978794101';36.37216302;59.53195654;36.37160157;59.53249788
4031;389.7454974;'36.3716015685847,59.5324978794101';'36.3685420306601,59.5346039001052';36.37160157;59.53249788;36.36854203;59.5346039
4032;399.8393814;'36.3685420306601,59.5346039001052';'36.3652992310113,59.536543858771';36.36854203;59.5346039;36.36529923;59.53654386
4033;711.8385077;'36.3535715969313,59.5435237603116';'36.3477723596954,59.5469093649147';36.3535716;59.54352376;36.34777236;59.54690936
4034;299.3290417;'36.3560101596939,59.5420999647237';'36.3535715969313,59.5435237603116';36.35601016;59.54209996;36.3535716;59.54352376
4035;173.0065706;'36.3585546937216,59.5405781325881';'36.3571515337103,59.5414173462081';36.35855469;59.54057813;36.35715153;59.54141735
4036;220.3125361;'36.3603415189939,59.5395094077195';'36.3585546937216,59.5405781325881';36.36034152;59.53950941;36.35855469;59.54057813
4037;415.021822;'36.3637074942119,59.5374960295858';'36.3603415189939,59.5395094077195';36.36370749;59.53749603;36.36034152;59.53950941
4038;635.1700735;'36.3477723596954,59.5469093649147';'36.3422055440723,59.5475122283624';36.34777236;59.54690936;36.34220554;59.54751223
4039;234.3336756;'36.3422055440723,59.5475122283624';'36.3401361144717,59.5469953351708';36.34220554;59.54751223;36.34013611;59.54699534
4040;179.2955815;'36.3047277599204,59.5377558644598';'36.3031476047875,59.5373412263365';36.30472776;59.53775586;36.3031476;59.53734123
4041;216.2072947;'36.3066332191357,59.5382558901444';'36.3047277599204,59.5377558644598';36.30663322;59.53825589;36.30472776;59.53775586
4042;688.8808347;'36.3127043795595,59.5398492551233';'36.3066332191357,59.5382558901444';36.31270438;59.53984926;36.30663322;59.53825589
4043;666.7077986;'36.3185800924519,59.5413915954693';'36.3127043795595,59.5398492551233';36.31858009;59.5413916;36.31270438;59.53984926
4044;264.3803174;'36.3209100733476,59.5420032762572';'36.3185800924519,59.5413915954693';36.32091007;59.54200328;36.31858009;59.5413916
4045;253.3476782;'36.3231429865535,59.5425884900421';'36.3209100733476,59.5420032762572';36.32314299;59.54258849;36.32091007;59.54200328
4046;638.5023107;'36.3287714621184,59.5440578699192';'36.3231429865535,59.5425884900421';36.32877146;59.54405787;36.32314299;59.54258849
4047;238.9586285;'36.330877903482,59.5446078439606';'36.3287714621184,59.5440578699192';36.3308779;59.54460784;36.32877146;59.54405787
4048;327.3555857;'36.3337635647361,59.5453613206469';'36.330877903482,59.5446078439606';36.33376631;59.54535006;36.3308779;59.54460784
4049;171.8084122;'36.3352780638512,59.5457567985094';'36.333763564646,59.5453613206439';36.33527925;59.54574032;36.33376356;59.54536132
4050;358.6232405;'36.3384410718192,59.5465719785776';'36.335278063941,59.5457567985234';36.33844107;59.54657198;36.33527806;59.5457568
4051;191.9393005;'36.3401361144717,59.5469953351708';'36.3384410718192,59.5465719785776';36.34013611;59.54699534;36.33844107;59.54657198
4052;309.6850868;'36.3007323074208,59.5380189003959';'36.298783684623,59.5404830960064';36.30073231;59.5380189;36.29878368;59.5404831
4053;283.6665727;'36.3031476047875,59.5373412263365';'36.3007323074208,59.5380189003959';36.3031476;59.53734123;36.30073231;59.5380189
4054;401.4509426;'36.2875188233898,59.5550319511401';'36.2842121350858,59.5563173320619';36.28751882;59.55503195;36.28421214;59.55631733
4055;181.9172526;'36.2787462307677,59.5549040762095';'36.2771160477344,59.5547734110154';36.27874623;59.55490408;36.27711605;59.55477341
4056;189.8811037;'36.2771160476443,59.5547734110124';'36.2754106209154,59.5549396405834';36.27711605;59.55477341;36.27541062;59.55493964
4057;454.9123302;'36.2754106209154,59.5549396405834';'36.2729315875451,59.5584160320317';36.27541062;59.55493964;36.27293159;59.55841603
4058;689.386726;'36.2729315875451,59.5584160320317';'36.2724931452837,59.5660674081781';36.27293159;59.55841603;36.27249315;59.56606741
4059;312.9295927;'36.2724931452837,59.5660674081781';'36.2722939647786,59.5695405179341';36.27249315;59.56606741;36.27229396;59.56954052
4060;67.37987634;'36.2722939647789,59.569540517923';'36.272184695555,59.5702764728923';36.27229396;59.56954052;36.2721847;59.57027647
4061;148.0031628;'36.272184695555,59.5702764728923';'36.271525761283,59.5716938641626';36.2721847;59.57027647;36.27152576;59.57169386
4062;311.0961948;'36.2715257611932,59.5716938641485';'36.2697965377693,59.574417931214';36.27152576;59.57169386;36.26979654;59.57441793
4063;189.5042828;'36.2680884583734,59.5775476695738';'36.2670237084701,59.5791920250481';36.26808846;59.57754767;36.26702371;59.57919203
4064;75.51376338;'36.2660875323267,59.5802416588453';'36.2655386514637,59.5807377828232';36.26608753;59.58024166;36.26553865;59.58073778
4065;140.4594421;'36.2670237084701,59.5791920250481';'36.2660875323267,59.5802416588453';36.26702371;59.57919203;36.26608753;59.58024166
4066;341.3526189;'36.2655386514637,59.5807377828232';'36.2629921188531,59.5828671007472';36.26553865;59.58073778;36.26299212;59.5828671
4067;250.0195938;'36.261684560915,59.5842004223224';'36.2600498719531,59.5861140602725';36.26168456;59.58420042;36.26004987;59.58611406
4068;181.88236;'36.2600498719531,59.5861140602725';'36.2588606629422,59.5875061284018';36.26004987;59.58611406;36.25886066;59.58750613
4069;264.0576778;'36.2570212532265,59.5912802968692';'36.2568340698704,59.5942020145366';36.25702125;59.5912803;36.25683407;59.59420201
4070;376.5245754;'36.2568340698706,59.5942020145255';'36.255999975267,59.5982406304381';36.25683407;59.59420201;36.25599998;59.59824063
4071;631.5151171;'36.255999975357,59.5982406304411';'36.2532986634333,59.6044222638708';36.25599998;59.59824063;36.25329866;59.60442226
4072;584.7001344;'36.246512279435,59.6167166655898';'36.242486482382,59.6206289399597';36.24651228;59.61671667;36.24248648;59.62062894
4073;884.1500314;'36.2424820919128,59.6206311115468';'36.2350876132845,59.6242875122006';36.24248209;59.62063111;36.23508761;59.62428751
4074;300.6377024;'36.2350920038086,59.6242853409903';'36.232501431588,59.6252048102022';36.235092;59.62428534;36.23250143;59.62520481
4075;290.0815748;'36.232501431588,59.6252048102022';'36.2298888825716,59.6252901958482';36.23250143;59.62520481;36.22988888;59.6252902
4076;1055.149138;'36.2276373187851,59.6253637821846';'36.2181343653431,59.6256743625118';36.22763732;59.62536378;36.21813437;59.62567436
4077;249.9998791;'36.2298888825716,59.6252901958482';'36.2276373187851,59.6253637821846';36.22988888;59.6252902;36.22763732;59.62536378
4078;89.32374815;'36.2697965377693,59.574417931214';'36.2693263816162,59.5752239463507';36.26979654;59.57441793;36.26932638;59.57522395
4079;145.582544;'36.4348906679498,59.4466586011284';'36.4339304039777,59.4477642387988';36.43489067;59.4466586;36.4339304;59.44776424
4080;250.9909193;'36.4339304039777,59.4477642387988';'36.4323710429978,59.4497901339987';36.4339304;59.44776424;36.43237104;59.44979013
4081;125.4326766;'36.4198871968607,59.4629467813833';'36.4189885254193,59.4637946646031';36.4198872;59.46294678;36.41898853;59.46379466
4082;392.3516593;'36.3898782493669,59.5101871536044';'36.388306865572,59.5141035758221';36.38987825;59.51018715;36.38830687;59.51410358
4083;207.413674;'36.3907088998131,59.5081167012909';'36.3898782493669,59.5101871536044';36.3907089;59.5081167;36.38987825;59.51018715
4084;250.0550379;'36.3948614267919,59.4976688314972';'36.3938911102228,59.5001836089512';36.39486143;59.49766883;36.39389111;59.50018361
4085;291.8824892;'36.3959888446236,59.4947304568271';'36.3948614267919,59.4976688314972';36.39598884;59.49473046;36.39486143;59.49766883
4086;251.5523663;'36.3970599894323,59.4922600791977';'36.3959888446236,59.4947304568271';36.39705999;59.49226008;36.39598884;59.49473046
4087;481.4594102;'36.3990002458692,59.4875770375061';'36.3970294220591,59.4923568328817';36.39900025;59.48757704;36.39702942;59.49235683
4088;507.7835842;'36.3927423266117,59.5030476924106';'36.390708899723,59.508116701288';36.39274233;59.50304769;36.3907089;59.5081167
4089;79.08668268;'36.3930590117219,59.5022581755493';'36.3927423266117,59.5030476924106';36.39305901;59.50225818;36.39274233;59.50304769
4090;207.8082391;'36.3938911102228,59.5001836089512';'36.3930590117219,59.5022581755493';36.39389111;59.50018361;36.39305901;59.50225818
4091;265.9381699;'36.2891769396199,59.5528955233214';'36.2875188233898,59.5550319511401';36.28916222;59.5528806;36.2874895;59.55500011
4092;561.4350612;'36.2922039775723,59.5489949343212';'36.2922075520049,59.5489950506685';36.29220398;59.54899493;36.29220755;59.54899505
4093;555.1251639;'36.2987836845327,59.5404830960146';'36.2953349187312,59.5449579228726';36.29880071;59.54050738;36.29533492;59.54495792
4094;279.5638742;'36.2842121350858,59.5563173320619';'36.2817467696084,59.5556800711465';36.28418498;59.55641547;36.28176006;59.55564345
4095;340.2580975;'36.2817467696084,59.5556800711465';'36.2787462307677,59.5549040762095';36.28174677;59.55568007;36.27874623;59.55490408
4096;250.0001002;'36.269326381616,59.5752239463619';'36.2680884583734,59.5775476695738';36.26932638;59.57522395;36.26808846;59.57754767
4097;126.1509171;'36.2532986634333,59.6044222638708';'36.2526351640053,59.6055574631999';36.25329866;59.60442226;36.25263516;59.60555746
4098;79.58394018;'36.4323710429978,59.4497901339987';'36.4318913175676,59.4504494743421';36.43237104;59.44979013;36.43189132;59.45044947
4099;110.258222;'36.4318913175676,59.4504494743421';'36.4311765791641,59.4513032017857';36.43189132;59.45044947;36.43117658;59.4513032
4100;254.0660362;'36.2526351640053,59.6055574631999';'36.2507403546091,59.6070963404385';36.25263516;59.60555746;36.25074035;59.60709634
4101;188.4763351;'36.2629921188531,59.5828671007472';'36.2616845608249,59.5842004223194';36.26299212;59.5828671;36.26168456;59.58420042
4102;402.3432166;'36.2588606629422,59.5875061284018';'36.2570212532268,59.5912802968581';36.25886066;59.58750613;36.25702125;59.5912803
4103;569.1461053;'36.4066040152078,59.4767952721662';'36.4026657725821,59.4808580351833';36.40660402;59.47679527;36.40266577;59.48085804
4104;221.4199151;'36.3999305846142,59.4852777955761';'36.3990308094324,59.4874802793167';36.39993058;59.4852778;36.39903081;59.48748028
4105;196.260984;'36.3652992309213,59.536543858768';'36.3637074942119,59.5374960295858';36.36529923;59.53654386;36.36370749;59.53749603
4106;140.7284746;'36.3571515337103,59.5414173462081';'36.3560101596939,59.5420999647237';36.35713862;59.54139628;36.35601068;59.54207525
4107;426.3998739;'36.2953384932631,59.544958039052';'36.2926809287772,59.5483850244445';36.29533849;59.54495804;36.29268093;59.54838502
5000;329.037429;'36.2480900752738,59.6134127102828';'36.2480936138976,59.6134137305745';36.24807276;59.61340285;36.24806647;59.61339739
5001;225.6853526;'36.2483393373012,59.6121139333364';'36.2492291046049,59.6098714058894';36.24833934;59.61211393;36.2492291;59.60987141
5002;54.46900419;'36.2482261970532,59.6127034604196';'36.2483393373012,59.6121139333364';36.2482262;59.61270346;36.24833934;59.61211393
5003;748.9077639;'36.3631010344753,59.5380689658366';'36.369187529749,59.5344700456238';36.36310103;59.53806897;36.36918753;59.53447005
5004;211.5879191;'36.3479523603381,59.5471296642373';'36.3496634341573,59.5460907553233';36.34795236;59.54712966;36.34966343;59.54609076
5005;500.0000206;'36.3590458421929,59.5404945275899';'36.3631010344753,59.5380689658366';36.35904584;59.54049453;36.36310103;59.53806897
5006;554.4608235;'36.3545476282002,59.5431807374393';'36.3590458421929,59.5404945275899';36.35454763;59.54318074;36.35904584;59.54049453
5007;101.796796;'36.3537213136254,59.5436727177546';'36.3545476282002,59.5431807374393';36.35372131;59.54367272;36.35454763;59.54318074
5008;217.3381348;'36.3519571102661,59.5447230714255';'36.3537213136254,59.5436727177546';36.35195711;59.54472307;36.35372131;59.54367272
5009;226.6712511;'36.3501171390495,59.5458184824709';'36.3519571103559,59.5447230714396';36.35011714;59.54581848;36.35195711;59.54472307
5010;586.4008647;'36.369187529749,59.5344700456238';'36.3735350693346,59.5308027040449';36.36918753;59.53447005;36.37353507;59.5308027
5011;367.1711259;'36.3773437314904,59.5269186559766';'36.3798958492005,59.5243157484142';36.37734373;59.52691866;36.37989585;59.52431575
5012;547.935501;'36.3735350693346,59.5308027040449';'36.3773437314904,59.5269186559766';36.37352391;59.53077756;36.37732907;59.52690272
5013;472.972078;'36.3816334811744,59.5225434094965';'36.3849174050834,59.5191848898997';36.38163348;59.52254341;36.38491741;59.51918489
5014;249.995918;'36.3798958492005,59.5243157484142';'36.3816334810843,59.5225434094935';36.37989585;59.52431575;36.38163348;59.52254341
5015;349.4021192;'36.3868692824867,59.517017622657';'36.3886045291692,59.5137876225946';36.38686928;59.51701762;36.38860453;59.51378762
5016;291.3549669;'36.3849174050834,59.5191848898997';'36.3868692824867,59.517017622657';36.38491741;59.51918489;36.38686928;59.51701762
5017;569.2992817;'36.3996102454126,59.4863710578215';'36.4025274713541,59.4812268147934';36.39961025;59.48637106;36.40252747;59.48122681
5018;499.9963493;'36.4102151221267,59.4733108620097';'36.4136755974128,59.4697424204073';36.41021512;59.47331086;36.4136756;59.46974242
5019;508.0224493;'36.4066989999219,59.4769362645191';'36.4102151221267,59.4733108620097';36.406699;59.47693626;36.41021512;59.47331086
5020;602.1216937;'36.4025274713543,59.4812268147823';'36.4066990000122,59.4769362645108';36.40252747;59.48122681;36.406699;59.47693626
5021;489.1098241;'36.413675597323,59.4697424203933';'36.4170606328001,59.4662513698923';36.4136756;59.46974242;36.41706063;59.46625137
5022;255.1562261;'36.4192546233841,59.464207319203';'36.420937155738,59.4622712663476';36.41925462;59.46420732;36.42093716;59.46227127
5023;249.5976415;'36.4170606328001,59.4662513698923';'36.4188579087441,59.4645829861961';36.41706063;59.46625137;36.41885791;59.46458299
5024;491.1959203;'36.4316302318942,59.45097456864';'36.4348724090381,59.4472487298638';36.43163023;59.45097457;36.43487241;59.44724873
5025;337.8063266;'36.4234356734514,59.459667687563';'36.4257670184527,59.4572465897678';36.42343567;59.45966769;36.42576702;59.45724659
5026;362.5457697;'36.420937155738,59.4622712663476';'36.4234356734514,59.459667687563';36.42091597;59.4622458;36.42341604;59.45965005
5027;393.875844;'36.4257670184527,59.4572465897678';'36.4284806951539,59.4544168243035';36.42576702;59.45724659;36.4284807;59.45441682
5028;466.4076892;'36.4284806951539,59.4544168243035';'36.4316302318942,59.45097456864';36.4284807;59.45441682;36.43163023;59.45097457
5029;274.7820004;'36.434872408948,59.447248729861';'36.4365662726885,59.4450146792614';36.43487241;59.44724873;36.43656627;59.44501468
5030;1139.194063;'36.4601547612884,59.4168760869637';'36.4663021522819,59.4067153678794';36.46015476;59.41687609;36.46630215;59.40671537
5031;1045.643453;'36.4395813878669,59.4414007373058';'36.4463486027351,59.4332880425469';36.43958139;59.44140074;36.4463486;59.43328804
5032;248.9332097;'36.4463486027351,59.4332880425469';'36.4479595781046,59.4313564692728';36.4463486;59.43328804;36.44795958;59.43135647
5033;879.1451575;'36.4479595781046,59.4313564692728';'36.4536487532555,59.4245341906166';36.44795958;59.43135647;36.45364875;59.42453419
5034;358.380504;'36.4536487532555,59.4245341906166';'36.4560406659997,59.4218492441958';36.45364875;59.42453419;36.45604067;59.42184924
5035;250.0038848;'36.4560406659997,59.4218492441958';'36.4576766821236,59.4199325882413';36.45604067;59.42184924;36.45767668;59.41993259
5036;388.2622102;'36.4576766821236,59.4199325882413';'36.4601547612884,59.4168760869637';36.45767668;59.41993259;36.46015476;59.41687609
5037;912.3878283;'36.2239253433177,59.6257649387994';'36.2321406806159,59.6254202985232';36.22392534;59.62576494;36.23214068;59.6254203
5038;249.9582848;'36.2216746635516,59.6258593529667';'36.2239253434078,59.6257649388024';36.22167466;59.62585935;36.22392534;59.62576494
5039;391.3272338;'36.2181510650937,59.6260071625268';'36.2216746635516,59.6258593529667';36.21815107;59.62600716;36.22167466;59.62585935
5040;260.0415119;'36.2321406806159,59.6254202985232';'36.2344222850626,59.6248296080109';36.23214068;59.6254203;36.23442229;59.62482961
5041;1119.616955;'36.2344222850626,59.6248296080109';'36.243791064364,59.6202148633193';36.23442229;59.62482961;36.24379106;59.62021486
5042;291.0433271;'36.243791064364,59.6202148633193';'36.2458455388434,59.6182495949087';36.24378019;59.62017739;36.24582343;59.61823188
5043;241.0325537;'36.2458455389334,59.6182495949117';'36.2470899646227,59.6160532631059';36.24581947;59.61821986;36.24705924;59.61602909
5044;367.0349561;'36.2522292133606,59.6065451282238';'36.2540849750021,59.603185677335';36.25222921;59.60654513;36.25408498;59.60318568
5045;169.5300911;'36.2510898124874,59.6077979751924';'36.2522292133608,59.6065451282127';36.25108981;59.60779798;36.25222921;59.60654513
5046;647.1443147;'36.2572499525677,59.5912308863748';'36.2608006255063,59.5856733017908';36.25724995;59.59123089;36.26080063;59.5856733
5047;267.7490012;'36.2570158773183,59.5941866346689';'36.2572499525677,59.5912308863748';36.25701588;59.59418663;36.25724995;59.59123089
5048;574.2910347;'36.2608006255063,59.5856733017908';'36.2648301176567,59.581697098331';36.26080063;59.5856733;36.26483012;59.5816971
5049;289.7730955;'36.2666058914532,59.5801916400594';'36.268225770576,59.5776822869164';36.26660589;59.58019164;36.26822577;59.57768229
5050;239.6311051;'36.2648301176567,59.581697098331';'36.2666058914532,59.5801916400594';36.26483012;59.5816971;36.26660589;59.58019164
5051;395.9484442;'36.268225770576,59.5776822869164';'36.2702145951314,59.5740315935916';36.26822577;59.57768229;36.2702146;59.57403159
5052;446.7187392;'36.2725435623658,59.5678870957895';'36.2728381704584,59.5629299909626';36.27254356;59.5678871;36.27283817;59.56292999
5053;550.1685042;'36.2730108818578,59.5597313355297';'36.2754373996303,59.5551225759172';36.27301088;59.55973134;36.2754374;59.55512258
5054;188.1778864;'36.2754373996303,59.5551225759172';'36.2771275779781,59.5549584900521';36.2754374;59.55512258;36.27712758;59.55495849
5055;403.7577936;'36.2840718422164,59.556471093461';'36.2874349371361,59.5552856014356';36.28407184;59.55647109;36.28743494;59.5552856
5056;736.0097682;'36.2959137570857,59.544591803348';'36.3004971852322,59.5386716555083';36.29591376;59.5445918;36.30049719;59.53867166
5057;94.28298976;'36.2884895752177,59.5540414269398';'36.289103866796,59.5533167154909';36.28848958;59.55404143;36.28910387;59.55331672
5058;161.8670973;'36.2874349371361,59.5552856014356';'36.2884895752177,59.5540414269398';36.28743494;59.5552856;36.28848958;59.55404143
5059;670.7269516;'36.2917253032816,59.5499728302274';'36.2959137570857,59.544591803348';36.2917253;59.54997283;36.29591376;59.5445918
5060;418.2795991;'36.289103866886,59.5533167154939';'36.2917253033715,59.5499728302415';36.28910387;59.55331672;36.2917253;59.54997283
5061;447.5452218;'36.3384103207007,59.5468865127446';'36.3423626474019,59.5478737009864';36.33841032;59.54688651;36.34236265;59.5478737
5062;262.6065604;'36.3093088961048,59.5392808402981';'36.3116232643521,59.5398882653673';36.3093089;59.53928084;36.31162326;59.53988827
5063;731.5156498;'36.3028619744654,59.5375890077446';'36.3093088961048,59.5392808402981';36.30286197;59.53758901;36.3093089;59.53928084
5064;567.8551735;'36.3116232643521,59.5398882653673';'36.3166277897154,59.5412018875829';36.31162326;59.53988827;36.31662779;59.54120189
5065;226.2350173;'36.3292867975041,59.5445151751499';'36.3312810768884,59.5450358781541';36.3292868;59.54451518;36.33128108;59.54503588
5066;720.1828208;'36.3229383039233,59.5428577962568';'36.3292867975041,59.5445151751499';36.3229383;59.5428578;36.3292868;59.54451518
5067;294.6519007;'36.3203414168079,59.5421767903787';'36.3229383039236,59.5428577962457';36.32034142;59.54217679;36.3229383;59.5428578
5068;558.4876464;'36.3312810768884,59.5450358781541';'36.3362041720659,59.5463214215637';36.33128108;59.54503588;36.33620417;59.54632142
5069;250.0708016;'36.3362041720659,59.5463214215637';'36.3384103207007,59.5468865127446';36.33620417;59.54632142;36.33841032;59.54688651
5070;294.7617305;'36.3004971852322,59.5386716555083';'36.3028619744654,59.5375890077446';36.30049719;59.53867166;36.30286197;59.53758901
5071;212.4500369;'36.346157100575,59.5479336268954';'36.3479523603381,59.5471296642373';36.3461571;59.54793363;36.34795236;59.54712966
5072;425.1889351;'36.3423626474019,59.5478737009864';'36.346157100575,59.5479336268954';36.34236265;59.5478737;36.3461571;59.54793363
5073;258.5630548;'36.281791731586,59.5558813633887';'36.2840718422164,59.556471093461';36.28179173;59.55588136;36.28407184;59.55647109
5074;124.9846186;'36.2795871285265,59.5553111989216';'36.2806892948411,59.5555962422057';36.27958713;59.5553112;36.28068929;59.55559624
5075;125.0153959;'36.2806892948411,59.5555962422057';'36.281791731586,59.5558813633887';36.28068929;59.55559624;36.28179173;59.55588136
5076;1227.532747;'36.3886045291692,59.5137876225946';'36.3935219808029,59.5015348450275';36.38860453;59.51378762;36.39352198;59.50153485
5077;387.6932937;'36.3980640304446,59.4902455049855';'36.3996102454126,59.4863710578215';36.39806403;59.4902455;36.39961025;59.48637106
5078;184.663128;'36.397321343162,59.4920867221075';'36.3980640303545,59.4902455049827';36.39732134;59.49208672;36.39806403;59.4902455
5079;325.5115564;'36.394523618951,59.4990394341279';'36.3959365476092,59.4958609899395';36.39452362;59.49903943;36.39593655;59.49586099
5080;372.1427032;'36.3959365476092,59.4958609899395';'36.397321343162,59.4920867221075';36.39593655;59.49586099;36.39732134;59.49208672
5081;249.9993084;'36.3935219808029,59.5015348450275';'36.394523618951,59.4990394341279';36.39352198;59.50153485;36.39452362;59.49903943
5082;253.2266414;'36.2710548518425,59.5727281135483';'36.2723187346155,59.5704047329394';36.27105485;59.57272811;36.27231873;59.57040473
5083;146.2618775;'36.3178747709926,59.5415292334424';'36.3191637757809,59.5418676239739';36.31787477;59.54152923;36.31916378;59.54186762
5084;141.4933266;'36.3166277897154,59.5412018875829';'36.3178747709026,59.5415292334395';36.31662779;59.54120189;36.31787477;59.54152923
5085;879.6827062;'36.2540849750021,59.603185677335';'36.2570158773183,59.5941866346689';36.25408498;59.60318568;36.25701588;59.59418663
5086;279.7472508;'36.2492291046047,59.6098714059005';'36.2510898124871,59.6077979752036';36.2492291;59.60987141;36.25108981;59.60779798
5087;149.7428532;'36.2702145951314,59.5740315935916';'36.2710548517524,59.5727281135453';36.2702146;59.57403159;36.27105485;59.57272811
5088;228.1409431;'36.2723187346155,59.5704047329394';'36.2725435623658,59.5678870957895';36.27231873;59.57040473;36.27254356;59.5678871
5089;288.11649;'36.2728381704584,59.5629299909626';'36.2730108818578,59.5597313355297';36.27283817;59.56292999;36.27301088;59.55973134
5090;276.0425722;'36.2771275779781,59.5549584900521';'36.2795871285265,59.5553111989216';36.27712758;59.55495849;36.27958713;59.5553112
5091;133.6257222;'36.3191637757809,59.5418676239739';'36.3203414168079,59.5421767903787';36.31916378;59.54186762;36.32034142;59.54217679
5092;55.97831734;'36.3496634341573,59.5460907553233';'36.3501171390495,59.5458184824709';36.34966737;59.54610224;36.35011714;59.54581848
5093;55.46777784;'36.4188579087441,59.4645829861961';'36.4192546233843,59.4642073191919';36.41884819;59.46456821;36.4192364;59.464182
5094;215.8630632;'36.4365662726885,59.4450146792614';'36.4379633871604,59.4433401360277';36.43656627;59.44501468;36.43796339;59.44334014
5095;249.9955512;'36.4379633871604,59.4433401360277';'36.4395813878669,59.4414007373058';36.43796339;59.44334014;36.43958139;59.44140074
